Protein id	Contig id	Start	Stop	Strand	Element symbol	Element name	Scope	Type	Subtype	Class	Subclass	Method	Target length	Reference sequence length	% Coverage of reference	% Identity to reference	Alignment length	Closest reference accession	Closest reference name	HMM accession	HMM description
NA	CP006923.1	707666	709708	+	parC_S80I	Klebsiella pneumoniae quinolone resistant ParC	core	AMR	POINT	QUINOLONE	QUINOLONE	POINTX	681	689	98.84	99.41	681	WP_101982161.1	DNA topoisomerase IV subunit A ParC	NA	NA
NA	CP006923.1	1228315	1231464	-	oqxB	multidrug efflux RND transporter permease subunit OqxB	core	AMR	AMR	NITROFURAN/PHENICOL/QUINOLONE/TETRACYCLINE	NITROFURANTOIN/PHENICOL/QUINOLONE/TIGECYCLINE	BLASTX	1050	1050	100.00	99.90	1050	WP_000347934.1	multidrug efflux RND transporter permease subunit OqxB	NA	NA
NA	CP006923.1	1231491	1232663	-	oqxA	multidrug efflux RND transporter periplasmic adaptor subunit OqxA	core	AMR	AMR	NITROFURAN/PHENICOL/QUINOLONE/TETRACYCLINE	NITROFURANTOIN/PHENICOL/QUINOLONE/TIGECYCLINE	EXACTX	391	391	100.00	100.00	391	WP_002914189.1	multidrug efflux RND transporter periplasmic adaptor subunit OqxA	NA	NA
NA	CP006923.1	1635575	1638205	+	gyrA_D87G	Klebsiella pneumoniae quinolone resistant GyrA	core	AMR	POINT	QUINOLONE	QUINOLONE	POINTX	877	877	100.00	99.66	877	WP_117036963.1	DNA gyrase subunit A GyrA	NA	NA
NA	CP006923.1	1635575	1638205	+	gyrA_S83I	Klebsiella pneumoniae quinolone resistant GyrA	core	AMR	POINT	QUINOLONE	QUINOLONE	POINTX	877	877	100.00	99.66	877	WP_117036963.1	DNA gyrase subunit A GyrA	NA	NA
NA	CP006923.1	3209100	3210434	+	phoQ_L96P	Klebsiella pneumoniae colistin resistant PhoQ	core	AMR	POINT	COLISTIN	COLISTIN	POINTX	445	488	91.19	99.78	445	WP_004147969.1	two-component system sensor histidine kinase PhoQ	NA	NA
NA	CP006923.1	3379735	3380812	+	ompK35_E42RfsTer47	Klebsiella pneumoniae carbapenem resistant OmpK35	core	AMR	POINT_DISRUPT	BETA-LACTAM	CARBAPENEM	POINTX	359	359	100.00	99.72	359	WP_004141771.1	outer membrane porin OmpK35	NA	NA
NA	CP006923.1	3852454	3853034	+	ramR_L111RfsTer13	Klebsiella pneumoniae chloramphenicol/fluoroquinolone/temocillin/tetracycline/tigecycline resistant RamR	core	AMR	POINT_DISRUPT	MULTIDRUG	CHLORAMPHENICOL/FLUOROQUINOLONE/TEMOCILLIN/TETRACYCLINE/TIGECYCLINE	POINTX	193	193	100.00	100.00	193	WP_004176968.1	TetR/AcrR family transcriptional regulator RamR	NA	NA
NA	CP006923.1	4641266	4641682	-	fosA	FosA5 family fosfomycin resistance glutathione transferase	core	AMR	AMR	FOSFOMYCIN	FOSFOMYCIN	BLASTX	139	139	100.00	98.56	139	WP_004146118.1	FosA5 family fosfomycin resistance glutathione transferase	NA	NA
NA	CP006924.1	963	1817	-	blaTEM	TEM family class A beta-lactamase	core	AMR	AMR	BETA-LACTAM	BETA-LACTAM	BLASTX	285	286	100.00	98.95	286	WP_000027057.1	broad-spectrum class A beta-lactamase TEM-1	NA	NA
NA	CP006924.1	2520	3341	-	blaOXA-9	oxacillin-hydrolyzing class D beta-lactamase OXA-9	core	AMR	AMR	BETA-LACTAM	BETA-LACTAM	ALLELEX	274	274	100.00	100.00	274	WP_000722315.1	oxacillin-hydrolyzing class D beta-lactamase OXA-9	NA	NA
NA	CP006924.1	3404	4189	-	aadA1	ANT(3'')-Ia family aminoglycoside nucleotidyltransferase AadA1	core	AMR	AMR	AMINOGLYCOSIDE	STREPTOMYCIN	EXACTX	262	262	100.00	100.00	262	WP_001206315.1	ANT(3'')-Ia family aminoglycoside nucleotidyltransferase AadA1	NA	NA
NA	CP006924.1	4262	4813	-	aac(6')-Ib'	aminoglycoside N-acetyltransferase AAC(6')-Ib'	core	AMR	AMR	AMINOGLYCOSIDE	GENTAMICIN	BLASTX	184	184	100.00	99.46	184	WP_014454105.1	aminoglycoside N-acetyltransferase AAC(6')-Ib'	NA	NA
NA	CP006926.1	37753	38631	-	blaKPC-3	carbapenem-hydrolyzing class A beta-lactamase KPC-3	core	AMR	AMR	BETA-LACTAM	CARBAPENEM	ALLELEX	293	293	100.00	100.00	293	WP_004152396.1	carbapenem-hydrolyzing class A beta-lactamase KPC-3	NA	NA
NA	CP006926.1	47618	48169	+	aac(6')-Ib'	aminoglycoside N-acetyltransferase AAC(6')-Ib'	core	AMR	AMR	AMINOGLYCOSIDE	GENTAMICIN	EXACTX	184	184	100.00	100.00	184	WP_014454105.1	aminoglycoside N-acetyltransferase AAC(6')-Ib'	NA	NA
NA	CP006926.1	48242	49027	+	aadA1	ANT(3'')-Ia family aminoglycoside nucleotidyltransferase AadA1	core	AMR	AMR	AMINOGLYCOSIDE	STREPTOMYCIN	EXACTX	262	262	100.00	100.00	262	WP_001206315.1	ANT(3'')-Ia family aminoglycoside nucleotidyltransferase AadA1	NA	NA
NA	CP006926.1	49090	49911	+	blaOXA-9	oxacillin-hydrolyzing class D beta-lactamase OXA-9	core	AMR	AMR	BETA-LACTAM	BETA-LACTAM	ALLELEX	274	274	100.00	100.00	274	WP_000722315.1	oxacillin-hydrolyzing class D beta-lactamase OXA-9	NA	NA
NA	CP006926.1	50614	51471	+	blaTEM-1	broad-spectrum class A beta-lactamase TEM-1	core	AMR	AMR	BETA-LACTAM	BETA-LACTAM	ALLELEX	286	286	100.00	100.00	286	WP_000027057.1	broad-spectrum class A beta-lactamase TEM-1	NA	NA
NA	CP006926.1	52198	53031	-	aph(6)-Id	aminoglycoside O-phosphotransferase APH(6)-Id	core	AMR	AMR	AMINOGLYCOSIDE	STREPTOMYCIN	EXACTX	278	278	100.00	100.00	278	WP_000480968.1	aminoglycoside O-phosphotransferase APH(6)-Id	NA	NA
NA	CP006926.1	53034	53816	-	aph(3'')-Ib	aminoglycoside O-phosphotransferase APH(3'')-Ib	core	AMR	AMR	AMINOGLYCOSIDE	STREPTOMYCIN	BLASTX	261	267	97.75	100.00	261	WP_001082319.1	aminoglycoside O-phosphotransferase APH(3'')-Ib	NA	NA
NA	CP006926.1	53897	54709	-	sul2	sulfonamide-resistant dihydropteroate synthase Sul2	core	AMR	AMR	SULFONAMIDE	SULFONAMIDE	EXACTX	271	271	100.00	100.00	271	WP_001043260.1	sulfonamide-resistant dihydropteroate synthase Sul2	NA	NA
NA	CP006926.1	65319	65789	-	dfrA14	trimethoprim-resistant dihydrofolate reductase DfrA14	core	AMR	AMR	TRIMETHOPRIM	TRIMETHOPRIM	EXACTX	157	157	100.00	100.00	157	WP_004201280.1	trimethoprim-resistant dihydrofolate reductase DfrA14	NA	NA
NA	CP006928.1	12489	13346	-	blaTEM-1	broad-spectrum class A beta-lactamase TEM-1	core	AMR	AMR	BETA-LACTAM	BETA-LACTAM	ALLELEX	286	286	100.00	100.00	286	WP_000027057.1	broad-spectrum class A beta-lactamase TEM-1	NA	NA
